<?xml version="1.0" encoding="UTF-8"?>
<!DOCTYPE mapper PUBLIC "-//mybatis.org/DTD Mapper 3.0//EN" "http://mybatis.org/dtd/mybatis-3-mapper.dtd" >
<mapper namespace="Card">

	<!-- 최초신규 -->
	<insert id="InsertCard" parameterType="com.sunrise.card.dto.Rcvappl">
		INSERT INTO RCVAPPL (SSN, RCV_D, RCV_SEQ_NO, APPL_D, HG_NM, ENG_NM, BIRTH_D, BILLADR_ZIP, EMAIL_ADR, HDP_NO, SCRT_NO, IMPSB_CLAS, IMPSB_CD)
		VALUES (#{SSN}, #{RCV_D}, #{RCV_SEQ_NO}, SYSDATE, #{HG_NM}, #{ENG_NM}, #{BIRTH_D}, #{BILLADR_ZIP}, #{EMAIL_ADR}, #{HDP_NO}, #{SCRT_NO}, #{IMPSB_CLAS}, #{IMPSB_CD})
	</insert>
	
	<!-- 신청구분 select box -->
	<select id="appcategory" resultType="com.sunrise.card.dto.Commcodedtl">
		<![CDATA[SELECT CODE, CODE_NM FROM COMM_CODE_DTL WHERE GROUP_CD = 'C007' ORDER BY GROUP_CD]]>
	</select>
	
	<!-- 브랜드 select box -->
	<select id="brand" resultType="com.sunrise.card.dto.Commcodedtl">
		<![CDATA[SELECT CODE, CODE_NM FROM COMM_CODE_DTL WHERE GROUP_CD = 'C004' ORDER BY GROUP_CD]]>
	</select>
	
	<!-- 결제일자 select box -->
	<select id="paymentdate" resultType="com.sunrise.card.dto.Commcodedtl">
		<![CDATA[SELECT CODE, CODE_NM FROM COMM_CODE_DTL WHERE GROUP_CD = 'C009' ORDER BY GROUP_CD]]>
	</select>
	
	<!-- 결제방법 select box -->
	<select id="paymentmethod" resultType="com.sunrise.card.dto.Commcodedtl">
		<![CDATA[SELECT CODE, CODE_NM FROM COMM_CODE_DTL WHERE GROUP_CD = 'C002' ORDER BY GROUP_CD]]>
	</select>
	
	<!-- 결제은행 select box -->
	<select id="paymentbank" resultType="com.sunrise.card.dto.Commcodedtl">
		<![CDATA[SELECT CODE, CODE_NM FROM COMM_CODE_DTL WHERE GROUP_CD = 'C003' ORDER BY GROUP_CD]]>
	</select>
	
	<!-- 청구서 발송방법 select box -->
	<select id="billsendmethod" resultType="com.sunrise.card.dto.Commcodedtl">
		<![CDATA[SELECT CODE, CODE_NM FROM COMM_CODE_DTL WHERE GROUP_CD = 'C006' ORDER BY GROUP_CD]]>
	</select>
	
</mapper>
